CreditNotes ID,Credit Note Date,Credit Note Number,Credit Note Status,Customer ID,Sub Total (BCY),Total (BCY),Balance (BCY),Created Time,Currency Code,Exchange Rate,Sales Person ID,Last Modified Time,Discount Amount (BCY),Adjustment (BCY)
9465000000133752,03 Aug 2024,CN-00001,Closed,9465000000103795,SAR 87.65,SAR 101.00,SAR 0.00,2024-08-03 16:47:43,SAR,1.00,9465000000133538,2024-09-23 18:08:36,SAR 0.00,SAR 0.00
9465000000379754,07 Aug 2024,CN-00002,Closed,9465000000116711,SAR 75.00,SAR 86.00,SAR 0.00,2024-08-07 15:00:10,SAR,1.00,9465000000162172,2024-09-14 11:22:09,SAR 0.00,SAR 0.00
9465000000407181,08 Aug 2024,CN-00003,Closed,9465000000117866,SAR 165.22,SAR 190.00,SAR 0.00,2024-08-08 09:01:17,SAR,1.00,9465000000162172,2024-08-10 18:09:46,SAR 0.00,SAR 0.00
9465000001286347,13 Aug 2024,CN-00005,Closed,9465000000108151,SAR 576.10,SAR 663.00,SAR 0.00,2024-08-15 16:25:43,SAR,1.00,9465000000133536,2024-08-27 11:24:04,SAR 0.00,SAR 0.00
9465000002067048,22 Aug 2024,CN-00006,Closed,9465000000107315,SAR 285.20,SAR 328.00,SAR 0.00,2024-08-22 11:54:47,SAR,1.00,9465000000133536,2024-08-22 11:56:44,SAR 0.00,SAR 0.00
9465000002119901,24 Aug 2024,CN-00007,Closed,9465000000107315,SAR 70.14,SAR 81.00,SAR 0.00,2024-08-25 12:27:09,SAR,1.00,9465000000133536,2024-08-25 12:29:14,SAR 0.00,SAR 0.00
9465000003193080,02 Sep 2024,CN-00012,Closed,9465000003176281,SAR 125.22,SAR 144.00,SAR 0.00,2024-09-02 16:45:41,SAR,1.00,9465000000162172,2024-09-24 11:22:35,SAR 0.00,SAR 0.00
9465000003220332,03 Sep 2024,CN-00013,Closed,9465000000109273,SAR 28.70,SAR 33.00,SAR 0.00,2024-09-03 11:53:58,SAR,1.00,9465000000133540,2024-09-24 11:23:13,SAR 0.00,SAR 0.00
9465000003231198,03 Sep 2024,CN-00014,Void,9465000000107755,SAR 169.56,SAR 195.00,SAR 195.00,2024-09-03 15:07:10,SAR,1.00,9465000000133536,2024-09-24 11:41:05,SAR 0.00,SAR 0.00
9465000003319939,07 Sep 2024,CN-00016,Closed,9465000002106266,SAR 165.22,SAR 190.00,SAR 0.00,2024-09-07 11:21:36,SAR,1.00,9465000000133538,2024-09-24 11:37:41,SAR 0.00,SAR 0.00
9465000003352260,08 Sep 2024,CN-00017,Closed,9465000000152506,SAR 374.00,SAR 430.00,SAR 0.00,2024-09-08 12:30:46,SAR,1.00,9465000000162172,2024-09-08 12:37:42,SAR 0.00,SAR 0.00
9465000003352648,08 Sep 2024,CN-00018,Void,9465000000108261,SAR 50.00,SAR 58.00,SAR 58.00,2024-09-08 13:46:20,SAR,1.00,9465000000133536,2024-09-24 11:40:11,SAR 0.00,SAR 0.00
9465000003570130,16 Sep 2024,CN-00020,Closed,9465000000107161,SAR 19.13,SAR 22.00,SAR 0.00,2024-09-16 10:18:17,SAR,1.00,9465000000133536,2024-09-24 11:24:11,SAR 0.00,SAR 0.00
9465000003570172,16 Sep 2024,CN-00021,Closed,9465000000107161,SAR 8.70,SAR 10.00,SAR 0.00,2024-09-16 10:25:05,SAR,1.00,9465000000133536,2024-09-24 11:24:59,SAR 0.00,SAR 0.00
9465000003570577,16 Sep 2024,CN-00022,Closed,9465000000105819,SAR 39.13,SAR 45.00,SAR 0.00,2024-09-16 13:34:07,SAR,1.00,9465000000133536,2024-09-21 12:56:55,SAR 0.00,SAR 0.00
9465000003584312,17 Sep 2024,CN-00023,Closed,9465000000104279,SAR 22.43,SAR 26.00,SAR 0.00,2024-09-17 10:24:33,SAR,1.00,9465000000133538,2024-09-24 11:37:53,SAR 0.00,SAR 0.00
9465000003591972,17 Sep 2024,CN-00024,Closed,9465000000105533,SAR 97.74,SAR 112.00,SAR 0.00,2024-09-17 12:46:55,SAR,1.00,9465000000133536,2024-09-24 11:35:11,SAR 0.00,SAR 0.00
9465000003726233,21 Sep 2024,CN-00033,Closed,9465000000107315,SAR 53.87,SAR 62.00,SAR 0.00,2024-09-21 13:39:48,SAR,1.00,9465000000133536,2024-09-21 13:39:59,SAR 0.00,SAR 0.00
9465000003726361,21 Sep 2024,CN-00035,Closed,9465000000107799,SAR 63.05,SAR 73.00,SAR 0.00,2024-09-21 13:47:23,SAR,1.00,9465000000133536,2024-09-24 11:36:01,SAR 0.00,SAR 0.00
9465000003726473,21 Sep 2024,CN-00036,Closed,9465000000107579,SAR 125.88,SAR 145.00,SAR 0.00,2024-09-21 13:59:55,SAR,1.00,9465000000133536,2024-09-24 11:36:18,SAR 0.00,SAR 0.00
9465000003726623,21 Sep 2024,CN-00037,Closed,9465000000105203,SAR 26.09,SAR 30.00,SAR 0.00,2024-09-21 14:06:24,SAR,1.00,9465000000133536,2024-09-24 11:36:30,SAR 0.00,SAR 0.00
9465000003735141,21 Sep 2024,CN-00038,Closed,9465000000105577,SAR 28.24,SAR 32.00,SAR 0.00,2024-09-21 14:56:54,SAR,1.00,9465000000133536,2024-09-21 14:57:00,SAR 0.00,SAR 0.00
9465000003735258,21 Sep 2024,CN-00039,Closed,9465000000107293,SAR 12.03,SAR 14.00,SAR 0.00,2024-09-21 15:17:38,SAR,1.00,9465000000133536,2024-09-24 11:36:44,SAR 0.00,SAR 0.00
9465000003735378,21 Sep 2024,CN-00040,Closed,9465000000108261,SAR 50.00,SAR 58.00,SAR 0.00,2024-09-21 15:37:32,SAR,1.00,9465000000133536,2024-09-21 15:37:39,SAR 0.00,SAR 0.00
9465000003685017,21 Sep 2024,CN-00026,Closed,9465000000103795,SAR 67.83,SAR 78.00,SAR 0.00,2024-09-21 09:56:39,SAR,1.00,9465000000133538,2024-09-21 09:56:47,SAR 0.00,SAR 0.00
9465000003685109,21 Sep 2024,CN-00027,Closed,9465000000103575,SAR 82.61,SAR 95.00,SAR 0.00,2024-09-21 09:59:37,SAR,1.00,9465000000133538,2024-09-21 09:59:44,SAR 0.00,SAR 0.00
9465000003709547,21 Sep 2024,CN-00028,Closed,9465000000108437,SAR 105.20,SAR 121.00,SAR 0.00,2024-09-21 12:27:01,SAR,1.00,9465000000133536,2024-09-24 11:34:37,SAR 0.00,SAR 0.00
9465000003709771,21 Sep 2024,CN-00029,Closed,9465000000107315,SAR 54.00,SAR 62.00,SAR 0.00,2024-09-21 12:31:59,SAR,1.00,9465000000133536,2024-09-24 11:35:29,SAR 0.00,SAR 0.00
9465000003715197,21 Sep 2024,CN-00030,Closed,9465000000106105,SAR 84.27,SAR 97.00,SAR 0.00,2024-09-21 12:42:45,SAR,1.00,9465000000133536,2024-09-21 12:42:53,SAR 0.00,SAR 0.00
9465000003715819,21 Sep 2024,CN-00031,Closed,9465000000107095,SAR 56.48,SAR 65.00,SAR 0.00,2024-09-21 13:02:48,SAR,1.00,9465000000133536,2024-09-24 11:35:48,SAR 0.00,SAR 0.00
9465000003835903,24 Sep 2024,CN-00041,Closed,9465000000109779,SAR 81.45,SAR 94.00,SAR 0.00,2024-09-24 17:11:34,SAR,1.00,9465000000133540,2024-09-24 17:11:42,SAR 0.00,SAR 0.00
9465000003835993,24 Sep 2024,CN-00042,Closed,9465000000109185,SAR 13.91,SAR 16.00,SAR 0.00,2024-09-24 17:13:39,SAR,1.00,9465000000133540,2024-09-24 17:13:58,SAR 0.00,SAR 0.00
9465000003911607,26 Sep 2024,CN-00043,Closed,9465000000105335,SAR 56.77,SAR 65.00,SAR 0.00,2024-09-26 13:46:24,SAR,1.00,9465000000133536,2024-09-26 13:47:17,SAR 0.00,SAR 0.00
9465000003911647,26 Sep 2024,CN-00044,Closed,9465000000105577,SAR 37.72,SAR 43.00,SAR 0.00,2024-09-26 13:49:24,SAR,1.00,9465000000133536,2024-09-26 13:49:45,SAR 0.00,SAR 0.00
9465000003915066,26 Sep 2024,CN-00045,Closed,9465000000117866,SAR 75.00,SAR 86.00,SAR 0.00,2024-09-26 15:50:06,SAR,1.00,9465000000162172,2024-10-01 09:09:01,SAR 0.00,SAR 0.00
9465000003963145,28 Sep 2024,CN-00049,Closed,9465000000110065,SAR 18.26,SAR 21.00,SAR 0.00,2024-09-28 18:30:07,SAR,1.00,9465000000133540,2024-10-01 09:10:05,SAR 0.00,SAR 0.00
9465000004032802,30 Sep 2024,CN-00051,Closed,9465000000110439,SAR 5.22,SAR 6.00,SAR 0.00,2024-09-30 17:38:39,SAR,1.00,9465000000133540,2024-10-01 09:10:13,SAR 0.00,SAR 0.00
9465000003932513,28 Sep 2024,CN-00046,Closed,9465000000107667,SAR 144.04,SAR 166.00,SAR 0.00,2024-09-28 09:43:56,SAR,1.00,9465000000133536,2024-09-28 09:44:23,SAR 0.00,SAR 0.00
9465000003932665,28 Sep 2024,CN-00048,Closed,9465000000107667,SAR 13.84,SAR 16.00,SAR 0.00,2024-09-28 09:55:28,SAR,1.00,9465000000133536,2024-09-28 09:55:56,SAR 0.00,SAR 0.00
9465000004098609,03 Oct 2024,CN-00052,Closed,9465000000105731,SAR 264.35,SAR 304.00,SAR 0.00,2024-10-03 08:56:30,SAR,1.00,9465000000133536,2024-10-03 08:56:37,SAR 0.00,SAR 0.00
9465000004098657,03 Oct 2024,CN-00053,Closed,9465000000107469,SAR 74.61,SAR 86.00,SAR 0.00,2024-10-03 08:58:40,SAR,1.00,9465000000133536,2024-10-03 08:58:47,SAR 0.00,SAR 0.00
9465000004098697,03 Oct 2024,CN-00054,Closed,9465000000105533,SAR 10.43,SAR 12.00,SAR 0.00,2024-10-03 09:00:22,SAR,1.00,9465000000133536,2024-10-03 09:00:28,SAR 0.00,SAR 0.00
9465000004098735,03 Oct 2024,CN-00055,Closed,9465000000107227,SAR 15.65,SAR 18.00,SAR 0.00,2024-10-03 09:02:31,SAR,1.00,9465000000133536,2024-10-03 09:02:39,SAR 0.00,SAR 0.00
9465000004256115,05 Oct 2024,CN-00056,Closed,9465000000109845,SAR 18.17,SAR 21.00,SAR 0.00,2024-10-05 15:25:00,SAR,1.00,9465000000133540,2024-10-05 15:25:07,SAR 0.00,SAR 0.00
9465000004256884,29 Sep 2024,EXPIRED /DAMAGED,Closed,9465000000109647,"SAR 6,453.00","SAR 6,453.00",SAR 0.00,2024-10-05 15:59:23,SAR,1.00,9465000000133540,2024-10-09 12:13:52,SAR 0.00,SAR 0.00
9465000004256940,05 Oct 2024,CN-00057,Closed,9465000000108745,SAR 57.00,SAR 57.00,SAR 0.00,2024-10-05 16:15:36,SAR,1.00,9465000000133540,2024-10-05 16:15:45,SAR 0.00,SAR 0.00
9465000004256974,05 Oct 2024,CN-00058,Closed,9465000000110219,SAR 311.30,SAR 358.00,SAR 0.00,2024-10-05 16:18:10,SAR,1.00,9465000000133540,2024-10-05 16:18:40,SAR 0.00,SAR 0.00
9465000004301155,06 Oct 2024,CN-00059,Closed,9465000000108525,SAR 23.74,SAR 27.00,SAR 0.00,2024-10-06 13:30:36,SAR,1.00,9465000000133540,2024-10-06 13:30:42,SAR 0.00,SAR 0.00
9465000004301195,06 Oct 2024,CN-00060,Closed,9465000000109119,SAR 29.22,SAR 34.00,SAR 0.00,2024-10-06 13:32:18,SAR,1.00,9465000000133540,2024-10-06 13:32:25,SAR 0.00,SAR 0.00
9465000004396435,08 Oct 2024,CN-00061,Closed,9465000000108657,SAR 66.00,SAR 66.00,SAR 0.00,2024-10-08 15:29:15,SAR,1.00,,2024-10-08 15:29:23,SAR 0.00,SAR 0.00
9465000004531877,12 Oct 2024,CN-00062,Closed,9465000000107139,SAR 25.50,SAR 29.00,SAR 0.00,2024-10-12 09:24:36,SAR,1.00,9465000000133536,2024-10-12 09:24:47,SAR 0.00,SAR 0.00
9465000004531925,12 Oct 2024,CN-00063,Closed,9465000000105687,SAR 50.84,SAR 58.00,SAR 0.00,2024-10-12 09:26:26,SAR,1.00,9465000000133536,2024-10-12 09:28:48,SAR 0.00,SAR 0.00
9465000004538003,12 Oct 2024,CN-00064,Closed,9465000000108261,SAR 41.25,SAR 47.00,SAR 0.00,2024-10-12 09:31:24,SAR,1.00,9465000000133536,2024-10-12 09:31:30,SAR 0.00,SAR 0.00
9465000004538051,12 Oct 2024,CN-00065,Closed,9465000000104125,SAR 139.13,SAR 160.00,SAR 0.00,2024-10-12 09:32:54,SAR,1.00,,2024-10-12 09:32:59,SAR 0.00,SAR 0.00
9465000004562147,13 Oct 2024,CN-00067,Closed,9465000000117866,SAR 95.65,SAR 110.00,SAR 0.00,2024-10-13 10:13:28,SAR,1.00,,2024-10-13 10:14:22,SAR 0.00,SAR 0.00
9465000004562966,13 Oct 2024,CN-00068,Closed,9465000000109405,SAR 83.48,SAR 96.00,SAR 0.00,2024-10-13 13:02:53,SAR,1.00,9465000000133540,2024-10-13 13:03:02,SAR 0.00,SAR 0.00
9465000004546705,12 Oct 2024,CN-00066,Closed,9465000000109933,SAR 31.10,SAR 36.00,SAR 0.00,2024-10-12 17:30:04,SAR,1.00,9465000000133540,2024-10-12 17:30:12,SAR 0.00,SAR 0.00
9465000004636705,16 Oct 2024,CN-00069,Open,9465000000107733,SAR 525.52,SAR 604.00,SAR 16.00,2024-10-16 08:39:26,SAR,1.00,9465000000133536,2024-10-16 08:40:34,SAR 0.00,SAR 0.00
9465000004636913,16 Oct 2024,CN-00070,Closed,9465000002106266,SAR 5.22,SAR 6.00,SAR 0.00,2024-10-16 08:43:55,SAR,1.00,9465000000133538,2024-10-16 08:44:03,SAR 0.00,SAR 0.00
9465000004643074,16 Oct 2024,CN-00071,Closed,9465000004581055,SAR 48.24,SAR 55.00,SAR 0.00,2024-10-16 08:49:16,SAR,1.00,9465000003527716,2024-10-16 08:49:17,SAR 0.00,SAR 0.00
9465000004655630,16 Oct 2024,CN-00072,Closed,9465000000108657,SAR 100.00,SAR 115.00,SAR 0.00,2024-10-16 19:25:14,SAR,1.00,9465000000133540,2024-10-16 19:25:20,SAR 0.00,SAR 0.00
9465000004664762,17 Oct 2024,CN-00073,Closed,9465000000107315,SAR 20.00,SAR 23.00,SAR 0.00,2024-10-17 08:59:53,SAR,1.00,9465000000133536,2024-10-17 09:01:51,SAR 0.00,SAR 0.00
9465000004664804,17 Oct 2024,CN-00074,Closed,9465000000105533,SAR 21.91,SAR 25.00,SAR 0.00,2024-10-17 09:01:01,SAR,1.00,9465000000133536,2024-10-17 09:01:09,SAR 0.00,SAR 0.00
9465000004664868,17 Oct 2024,CN-00075,Closed,9465000003739186,SAR 85.46,SAR 98.00,SAR 0.00,2024-10-17 09:04:25,SAR,1.00,9465000003527716,2024-10-17 09:06:52,SAR 0.00,SAR 0.00
9465000004664924,17 Oct 2024,CN-00076,Closed,9465000000105819,SAR 9.13,SAR 11.00,SAR 0.00,2024-10-17 09:05:48,SAR,1.00,9465000000133536,2024-10-17 09:06:06,SAR 0.00,SAR 0.00
9465000004664998,17 Oct 2024,CN-00077,Closed,9465000000107667,SAR 272.78,SAR 314.00,SAR 0.00,2024-10-17 09:11:19,SAR,1.00,9465000000133536,2024-10-17 09:11:34,SAR 0.00,SAR 0.00
9465000004670166,17 Oct 2024,CN-00078,Closed,9465000000105577,SAR 34.68,SAR 40.00,SAR 0.00,2024-10-17 09:19:38,SAR,1.00,9465000000133536,2024-10-17 09:19:53,SAR 0.00,SAR 0.00
9465000004952030,22 Oct 2024,CN-00085,Closed,9465000000108943,SAR 66.00,SAR 66.00,SAR 0.00,2024-10-22 08:35:58,SAR,1.00,,2024-10-22 08:35:59,SAR 0.00,SAR 0.00
9465000004952522,22 Oct 2024,CN-00086,Closed,9465000001977048,SAR 64.35,SAR 74.00,SAR 0.00,2024-10-22 09:27:41,SAR,1.00,,2024-10-22 09:28:06,SAR 0.00,SAR 0.00
9465000004741637,20 Oct 2024,CN-00079,Closed,9465000000109185,SAR 75.22,SAR 87.00,SAR 0.00,2024-10-20 08:55:27,SAR,1.00,9465000000133540,2024-10-20 08:55:27,SAR 0.00,SAR 0.00
9465000004810185,21 Oct 2024,CN-00080,Closed,9465000000107095,SAR 301.79,SAR 347.00,SAR 0.00,2024-10-21 08:01:08,SAR,1.00,9465000000133536,2024-10-21 08:04:42,SAR 0.00,SAR 0.00
9465000004810313,21 Oct 2024,CN-00081,Closed,9465000000106171,SAR 219.13,SAR 252.00,SAR 0.00,2024-10-21 08:04:18,SAR,1.00,9465000000133536,2024-10-21 08:04:26,SAR 0.00,SAR 0.00
9465000004810391,21 Oct 2024,CN-00082,Closed,9465000000107315,SAR 20.00,SAR 23.00,SAR 0.00,2024-10-21 08:05:58,SAR,1.00,9465000000133536,2024-11-15 14:09:15,SAR 0.00,SAR 0.00
9465000004984461,24 Oct 2024,CN-00087,Closed,9465000000110043,SAR 232.61,SAR 268.00,SAR 0.00,2024-10-24 08:04:30,SAR,1.00,9465000000133540,2024-10-24 08:04:38,SAR 0.00,SAR 0.00
9465000005001005,24 Oct 2024,CN-S00001,Closed,9465000000107733,SAR 588.00,SAR 588.00,SAR 0.00,2024-10-24 13:32:31,SAR,1.00,,2024-10-24 13:32:39,SAR 0.00,SAR 0.00
9465000005058136,27 Oct 2024,CN-00088,Closed,9465000000110219,SAR 26.09,SAR 30.00,SAR 0.00,2024-10-27 16:15:49,SAR,1.00,,2024-10-27 16:16:00,SAR 0.00,SAR 0.00
9465000005119798,28 Oct 2024,CN-00089,Closed,9465000003744591,SAR 38.17,SAR 44.00,SAR 0.00,2024-10-28 15:50:43,SAR,1.00,9465000003527716,2024-10-28 15:51:51,SAR 0.00,SAR 0.00
9465000005212272,31 Oct 2024,CN-00090,Closed,9465000001042378,SAR 56.34,SAR 65.00,SAR 0.00,2024-10-31 09:04:27,SAR,1.00,9465000000133538,2024-10-31 09:04:35,SAR 0.00,SAR 0.00
9465000005212340,31 Oct 2024,CN-00091,Closed,9465000000104961,SAR 83.48,SAR 96.00,SAR 0.00,2024-10-31 09:06:02,SAR,1.00,9465000000133538,2024-10-31 09:06:09,SAR 0.00,SAR 0.00
9465000005212768,31 Oct 2024,CN-00092,Closed,9465000000110219,SAR 117.39,SAR 135.00,SAR 0.00,2024-10-31 13:34:20,SAR,1.00,9465000000133540,2024-10-31 13:34:27,SAR 0.00,SAR 0.00
9465000005344557,06 Nov 2024,CN-00093,Closed,9465000004552849,SAR 230.00,SAR 265.00,SAR 0.00,2024-11-06 18:19:03,SAR,1.00,,2024-11-06 18:21:22,SAR 0.00,SAR 0.00
9465000005741702,09 Nov 2024,CN-00094,Closed,9465000000107139,SAR 44.52,SAR 51.00,SAR 0.00,2024-11-09 09:25:21,SAR,1.00,9465000000133536,2024-11-09 09:25:49,SAR 0.00,SAR 0.00
9465000005741788,09 Nov 2024,CN-00095,Closed,9465000004354602,SAR 91.83,SAR 106.00,SAR 0.00,2024-11-09 09:27:34,SAR,1.00,9465000003527716,2024-11-09 09:27:35,SAR 0.00,SAR 0.00
9465000005741838,09 Nov 2024,CN-00096,Closed,9465000002106266,SAR 95.65,SAR 110.00,SAR 0.00,2024-11-09 09:37:01,SAR,1.00,9465000000133538,2024-11-09 09:37:18,SAR 0.00,SAR 0.00
9465000005741880,09 Nov 2024,CN-00097,Closed,9465000000106655,SAR 17.53,SAR 20.00,SAR 0.00,2024-11-09 09:40:46,SAR,1.00,9465000000133536,2024-11-09 09:41:05,SAR 0.00,SAR 0.00
9465000005741958,09 Nov 2024,CN-00098,Closed,9465000000107315,SAR 96.00,SAR 110.00,SAR 0.00,2024-11-09 09:44:47,SAR,1.00,9465000000133536,2024-11-09 09:44:55,SAR 0.00,SAR 0.00
9465000005746258,09 Nov 2024,CN-00099,Void,9465000000108019,SAR 6.96,SAR 8.00,SAR 8.00,2024-11-09 12:41:03,SAR,1.00,9465000000133536,2025-01-26 11:55:04,SAR 0.00,SAR 0.00
9465000005746605,09 Nov 2024,CN-00100,Closed,9465000005344040,SAR 278.26,SAR 320.00,SAR 0.00,2024-11-09 13:58:59,SAR,1.00,,2024-11-09 13:58:59,SAR 0.00,SAR 0.00
9465000005905991,16 Nov 2024,CN-00102,Closed,9465000000109053,SAR 38.08,SAR 44.00,SAR 0.00,2024-11-16 08:57:15,SAR,1.00,9465000000133538,2024-11-16 08:57:22,SAR 0.00,SAR 0.00
9465000005910059,16 Nov 2024,CN-00103,Closed,9465000000103795,SAR 98.87,SAR 114.00,SAR 0.00,2024-11-16 09:06:11,SAR,1.00,9465000000133538,2024-11-16 09:06:19,SAR 0.00,SAR 0.00
9465000005910533,16 Nov 2024,CN-00104,Closed,9465000005222667,SAR 3.75,SAR 4.00,SAR 0.00,2024-11-16 11:23:56,SAR,1.00,9465000000133538,2024-11-16 11:24:14,SAR 0.00,SAR 0.00
9465000005931791,16 Nov 2024,CN-00105,Closed,9465000000428548,SAR 138.00,SAR 159.00,SAR 0.00,2024-11-16 12:14:56,SAR,1.00,,2024-11-16 12:15:09,SAR 0.00,SAR 0.00
9465000005970936,18 Nov 2024,CN-00106,Closed,9465000001063988,SAR 8.70,SAR 10.00,SAR 0.00,2024-11-18 11:16:15,SAR,1.00,,2024-11-18 11:16:27,SAR 0.00,SAR 0.00
9465000006018833,21 Nov 2024,CN-00107,Closed,9465000000106149,SAR 43.41,SAR 50.00,SAR 0.00,2024-11-21 08:44:26,SAR,1.00,9465000000133536,2024-11-21 08:44:32,SAR 0.00,SAR 0.00
9465000006018877,21 Nov 2024,CN-00108,Closed,9465000000108261,SAR 194.42,SAR 224.00,SAR 0.00,2024-11-21 08:49:01,SAR,1.00,9465000000133536,2024-11-21 08:49:09,SAR 0.00,SAR 0.00
9465000006021882,21 Nov 2024,CN-00109,Closed,9465000000105687,SAR 19.31,SAR 22.00,SAR 0.00,2024-11-21 09:51:22,SAR,1.00,9465000000133536,2024-11-21 09:51:29,SAR 0.00,SAR 0.00
9465000006167541,23 Nov 2024,CN-00110,Closed,9465000003356603,SAR 100.00,SAR 115.00,SAR 0.00,2024-11-23 08:29:11,SAR,1.00,9465000000133538,2024-11-23 08:29:22,SAR 0.00,SAR 0.00
9465000006167583,23 Nov 2024,CN-00111,Closed,9465000001063988,SAR 42.61,SAR 49.00,SAR 0.00,2024-11-23 08:31:22,SAR,1.00,9465000000133538,2024-11-23 08:31:29,SAR 0.00,SAR 0.00
9465000006167625,23 Nov 2024,CN-00112,Closed,9465000003150436,SAR 3.27,SAR 4.00,SAR 0.00,2024-11-23 08:33:09,SAR,1.00,9465000000133538,2024-11-23 08:33:15,SAR 0.00,SAR 0.00
9465000006167669,23 Nov 2024,CN-00113,Closed,9465000005929303,SAR 13.22,SAR 15.00,SAR 0.00,2024-11-23 08:35:15,SAR,1.00,9465000000133538,2024-11-23 08:35:16,SAR 0.00,SAR 0.00
9465000006249201,26 Nov 2024,CN-00114,Closed,9465000002106266,SAR 13.39,SAR 15.00,SAR 0.00,2024-11-26 15:35:49,SAR,1.00,,2024-11-26 15:38:00,SAR 0.00,SAR 0.00
9465000006297225,30 Nov 2024,CN-00115,Closed,9465000004552849,SAR 67.20,SAR 77.00,SAR 0.00,2024-11-30 09:58:33,SAR,1.00,,2024-11-30 09:58:40,SAR 0.00,SAR 0.00
9465000006301769,30 Nov 2024,CN-00116,Closed,9465000000106457,SAR 352.17,SAR 405.00,SAR 0.00,2024-11-30 11:38:02,SAR,1.00,9465000000133536,2024-11-30 11:40:10,SAR 0.00,SAR 0.00
9465000006741210,12 Dec 2024,CN-00118,Closed,9465000006741256,SAR 148.70,SAR 171.00,SAR 0.00,2024-12-12 19:02:33,SAR,1.00,,2024-12-12 19:06:16,SAR 0.00,SAR 0.00
9465000006913628,21 Dec 2024,CN-00119,Closed,9465000006741256,SAR 117.39,SAR 135.00,SAR 0.00,2024-12-21 12:48:46,SAR,1.00,,2024-12-21 12:50:44,SAR 0.00,SAR 0.00
9465000006948079,22 Dec 2024,CN-00120,Closed,9465000000105973,SAR 202.95,SAR 233.00,SAR 0.00,2024-12-22 14:11:44,SAR,1.00,,2025-02-08 13:32:51,SAR 0.00,SAR 0.00
9465000006948473,22 Dec 2024,CN-00121,Closed,9465000006792501,SAR 39.13,SAR 45.00,SAR 0.00,2024-12-22 14:44:24,SAR,1.00,,2024-12-22 14:44:25,SAR 0.00,SAR 0.00
9465000006948519,22 Dec 2024,CN-00122,Closed,9465000006792501,SAR 955.65,"SAR 1,099.00",SAR 0.00,2024-12-22 14:44:50,SAR,1.00,,2024-12-22 14:44:51,SAR 0.00,SAR 0.00
9465000006953926,23 Dec 2024,CN-00123,Closed,9465000001063988,SAR 80.00,SAR 92.00,SAR 0.00,2024-12-23 10:24:54,SAR,1.00,,2024-12-23 10:24:55,SAR 0.00,SAR 0.00
9465000007043201,24 Dec 2024,CN-00124,Closed,9465000000104521,SAR 32.00,SAR 37.00,SAR 0.00,2024-12-24 12:43:21,SAR,1.00,9465000000133538,2025-01-02 10:58:07,SAR 0.00,SAR 0.00
9465000007057108,25 Dec 2024,CN-00125,Closed,9465000000104675,SAR 31.20,SAR 36.00,SAR 0.00,2024-12-25 10:49:52,SAR,1.00,,2025-01-02 10:54:38,SAR 0.00,SAR 0.00
9465000007072418,25 Dec 2024,CN-00126,Closed,9465000002038409,SAR 41.15,SAR 47.00,SAR 0.00,2024-12-25 15:06:40,SAR,1.00,,2024-12-26 10:34:32,SAR 0.00,SAR 0.00
9465000007164478,31 Dec 2024,CN-00127,Closed,9465000000109053,SAR 26.09,SAR 30.00,SAR 0.00,2024-12-31 13:29:27,SAR,1.00,,2024-12-31 13:29:35,SAR 0.00,SAR 0.00
9465000007271970,07 Jan 2025,CN-00128,Closed,9465000000191543,SAR 35.16,SAR 40.00,SAR 0.00,2025-01-07 16:30:49,SAR,1.00,,2025-01-09 10:50:37,SAR 0.00,SAR 0.00
9465000007282973,08 Jan 2025,CN-00129,Closed,9465000003462927,SAR 981.28,"SAR 1,128.00",SAR 0.00,2025-01-08 10:29:55,SAR,1.00,,2025-01-08 10:30:44,SAR 0.00,SAR 0.00
9465000007388846,08 Jan 2025,CN-00130,Closed,9465000000104829,SAR 20.52,SAR 24.00,SAR 0.00,2025-01-08 13:17:03,SAR,1.00,,2025-01-08 13:57:27,SAR 0.00,SAR 0.00
9465000007797605,12 Jan 2025,CN-00131,Closed,9465000000117866,SAR 222.61,SAR 256.00,SAR 0.00,2025-01-12 15:07:26,SAR,1.00,,2025-01-12 15:07:27,SAR 0.00,SAR 0.00
9465000007827613,13 Jan 2025,CN-00132,Closed,9465000000103509,SAR 41.74,SAR 48.00,SAR 0.00,2025-01-13 15:00:58,SAR,1.00,,2025-01-18 19:37:59,SAR 0.00,SAR 0.00
9465000007827665,13 Jan 2025,CN-00133,Closed,9465000000103509,SAR 97.31,SAR 112.00,SAR 0.00,2025-01-13 15:03:49,SAR,1.00,,2025-01-18 19:44:27,SAR 0.00,SAR 0.00
9465000007863051,14 Jan 2025,CN-00134,Closed,9465000000103795,SAR 30.86,SAR 35.00,SAR 0.00,2025-01-14 10:06:05,SAR,1.00,,2025-01-18 19:36:40,SAR 0.00,SAR 0.00
9465000007863679,14 Jan 2025,CN-00136,Closed,9465000000104763,SAR 12.17,SAR 14.00,SAR 0.00,2025-01-14 13:32:55,SAR,1.00,,2025-01-18 09:19:32,SAR 0.00,SAR 0.00
9465000007911126,16 Jan 2025,CN-00138,Closed,9465000000103509,SAR 173.91,SAR 200.00,SAR 0.00,2025-01-16 12:28:41,SAR,1.00,,2025-01-16 12:29:13,SAR 0.00,SAR 0.00
9465000007917105,16 Jan 2025,CN-00137,Closed,9465000000103509,SAR 39.13,SAR 45.00,SAR 0.00,2025-01-16 11:35:29,SAR,1.00,,2025-01-18 19:35:36,SAR 0.00,SAR 0.00
9465000007968814,17 Jan 2025,SEB R.T.N -00002,Closed,9465000006150261,SAR 382.62,SAR 440.00,SAR 0.00,2025-01-17 14:19:35,SAR,1.00,,2025-01-17 14:19:43,SAR 0.00,SAR 0.00
9465000008043358,18 Jan 2025,CN-00139,Closed,9465000000107315,SAR 16.00,SAR 18.00,SAR 0.00,2025-01-18 19:29:37,SAR,1.00,,2025-01-18 19:29:45,SAR 0.00,SAR 0.00
9465000008043400,18 Jan 2025,CN-00140,Closed,9465000000108261,SAR 47.22,SAR 54.00,SAR 0.00,2025-01-18 19:31:30,SAR,1.00,,2025-01-18 19:31:37,SAR 0.00,SAR 0.00
9465000008043454,18 Jan 2025,CN-00141,Closed,9465000000107139,SAR 38.75,SAR 45.00,SAR 0.00,2025-01-18 19:33:12,SAR,1.00,,2025-01-18 19:33:23,SAR 0.00,SAR 0.00
9465000008043584,18 Jan 2025,CN-00143,Closed,9465000000107667,SAR 68.87,SAR 79.00,SAR 0.00,2025-01-18 19:41:24,SAR,1.00,,2025-01-18 19:41:31,SAR 0.00,SAR 0.00
9465000008043675,18 Jan 2025,CN-00144,Closed,9465000000106655,SAR 51.74,SAR 60.00,SAR 0.00,2025-01-18 19:43:01,SAR,1.00,,2025-01-18 19:43:08,SAR 0.00,SAR 0.00
9465000008043723,18 Jan 2025,CN-00145,Closed,9465000000104587,SAR 31.30,SAR 36.00,SAR 0.00,2025-01-18 19:49:14,SAR,1.00,,2025-01-18 19:49:21,SAR 0.00,SAR 0.00
9465000008043763,18 Jan 2025,CN-00146,Closed,9465000000105577,SAR 79.30,SAR 91.00,SAR 0.00,2025-01-18 19:52:24,SAR,1.00,,2025-01-18 19:52:31,SAR 0.00,SAR 0.00
9465000008043811,18 Jan 2025,CN-00147,Closed,9465000000104565,SAR 130.23,SAR 150.00,SAR 0.00,2025-01-18 19:54:36,SAR,1.00,,2025-01-21 14:56:08,SAR 0.00,SAR 0.00
9465000008043843,18 Jan 2025,CN-00148,Closed,9465000003865024,SAR 162.87,SAR 187.00,SAR 0.00,2025-01-18 19:57:17,SAR,1.00,,2025-01-18 19:57:24,SAR 0.00,SAR 0.00
9465000008043909,18 Jan 2025,CN-00149,Closed,9465000000107139,SAR 96.35,SAR 111.00,SAR 0.00,2025-01-18 20:00:44,SAR,1.00,,2025-01-18 20:00:51,SAR 0.00,SAR 0.00
9465000008043975,18 Jan 2025,CN-00150,Closed,9465000000108261,SAR 13.39,SAR 15.00,SAR 0.00,2025-01-18 20:04:07,SAR,1.00,,2025-01-18 20:04:13,SAR 0.00,SAR 0.00
9465000008230017,18 Jan 2025,CN-00151,Closed,9465000001042378,SAR 32.35,SAR 37.00,SAR 0.00,2025-01-18 20:06:01,SAR,1.00,,2025-01-18 20:06:09,SAR 0.00,SAR 0.00
9465000008230059,18 Jan 2025,CN-00152,Closed,9465000000104477,SAR 84.96,SAR 98.00,SAR 0.00,2025-01-18 20:09:08,SAR,1.00,,2025-01-18 20:09:15,SAR 0.00,SAR 0.00
9465000008230125,18 Jan 2025,CN-00153,Closed,9465000000105731,SAR 121.31,SAR 140.00,SAR 0.00,2025-01-18 20:11:50,SAR,1.00,,2025-01-18 20:11:57,SAR 0.00,SAR 0.00
9465000008230191,18 Jan 2025,CN-00154,Closed,9465000000106655,SAR 67.83,SAR 78.00,SAR 0.00,2025-01-18 20:26:21,SAR,1.00,,2025-01-18 20:26:28,SAR 0.00,SAR 0.00
9465000008230231,18 Jan 2025,CN-00155,Closed,9465000000103707,SAR 35.48,SAR 41.00,SAR 0.00,2025-01-18 20:28:13,SAR,1.00,,2025-01-18 20:28:30,SAR 0.00,SAR 0.00
9465000008357100,20 Jan 2025,CN-00156,Closed,9465000000191543,SAR 93.40,SAR 107.00,SAR 0.00,2025-01-20 13:29:05,SAR,1.00,,2025-01-25 08:30:05,SAR 0.00,SAR 0.00
9465000008448003,23 Jan 2025,CN-00157,Closed,9465000002106266,SAR 192.16,SAR 221.00,SAR 0.00,2025-01-23 09:41:04,SAR,1.00,,2025-01-23 09:41:14,SAR 0.00,SAR 0.00
9465000009342522,05 Feb 2025,CN-00158,Closed,9465000006409397,SAR 718.26,SAR 826.00,SAR 0.00,2025-02-05 11:05:13,SAR,1.00,,2025-02-05 11:05:13,SAR 0.00,SAR 0.00
9465000009391817,08 Feb 2025,CN-00159,Closed,9465000000106677,SAR 339.13,SAR 390.00,SAR 0.00,2025-02-08 10:35:34,SAR,1.00,,2025-02-08 10:35:43,SAR 0.00,SAR 0.00
9465000009391857,08 Feb 2025,CN-00160,Closed,9465000005773053,SAR 79.30,SAR 91.00,SAR 0.00,2025-02-08 10:37:59,SAR,1.00,,2025-02-08 10:38:08,SAR 0.00,SAR 0.00
9465000009391899,08 Feb 2025,CN-00161,Closed,9465000000105973,SAR 248.70,SAR 286.00,SAR 0.00,2025-02-08 10:41:16,SAR,1.00,,2025-02-08 10:41:34,SAR 0.00,SAR 0.00
9465000009391983,08 Feb 2025,CN-00162,Closed,9465000001063988,SAR 17.40,SAR 20.00,SAR 0.00,2025-02-08 10:44:32,SAR,1.00,,2025-02-08 10:44:40,SAR 0.00,SAR 0.00
9465000009407047,08 Feb 2025,CN-00163,Closed,9465000000104389,SAR 15.65,SAR 18.00,SAR 0.00,2025-02-08 10:51:33,SAR,1.00,,2025-02-08 10:51:40,SAR 0.00,SAR 0.00
9465000009407157,08 Feb 2025,CN-00164,Closed,9465000003150436,SAR 13.92,SAR 16.00,SAR 0.00,2025-02-08 10:56:47,SAR,1.00,,2025-02-08 11:16:42,SAR 0.00,SAR 0.00
9465000009407199,08 Feb 2025,CN-00165,Closed,9465000000106677,SAR 76.09,SAR 88.00,SAR 0.00,2025-02-08 10:58:50,SAR,1.00,,2025-02-08 10:58:57,SAR 0.00,SAR 0.00
9465000009407251,08 Feb 2025,CN-00166,Closed,9465000000107095,SAR 101.74,SAR 117.00,SAR 0.00,2025-02-08 11:30:26,SAR,1.00,,2025-02-08 11:30:33,SAR 0.00,SAR 0.00
9465000009407315,08 Feb 2025,CN-00167,Closed,9465000000107095,SAR 86.95,SAR 100.00,SAR 0.00,2025-02-08 11:34:13,SAR,1.00,,2025-02-08 11:34:38,SAR 0.00,SAR 0.00
9465000009407397,08 Feb 2025,CN-00168,Closed,9465000000107843,SAR 46.96,SAR 54.00,SAR 0.00,2025-02-08 11:37:13,SAR,1.00,,2025-02-08 11:37:24,SAR 0.00,SAR 0.00
9465000009407459,08 Feb 2025,CN-00169,Closed,9465000000104675,SAR 18.26,SAR 21.00,SAR 0.00,2025-02-08 11:58:49,SAR,1.00,,2025-02-12 13:55:12,SAR 0.00,SAR 0.00
9465000009407549,08 Feb 2025,CN-00170,Closed,9465000000105137,SAR 36.52,SAR 42.00,SAR 0.00,2025-02-08 12:10:29,SAR,1.00,,2025-02-08 12:10:37,SAR 0.00,SAR 0.00
9465000009407589,08 Feb 2025,CN-00171,Closed,9465000000103795,SAR 34.78,SAR 40.00,SAR 0.00,2025-02-08 12:12:47,SAR,1.00,,2025-02-09 12:05:31,SAR 0.00,SAR 0.00
9465000009407671,08 Feb 2025,CN-00172,Closed,9465000000106479,SAR 67.83,SAR 78.00,SAR 0.00,2025-02-08 12:44:23,SAR,1.00,,2025-02-08 12:44:32,SAR 0.00,SAR 0.00
9465000009407711,08 Feb 2025,CN-00173,Closed,9465000000107843,SAR 34.78,SAR 40.00,SAR 0.00,2025-02-08 12:47:27,SAR,1.00,,2025-02-08 12:47:36,SAR 0.00,SAR 0.00
9465000009757285,17 Feb 2025,CN-00175,Closed,9465000006043116,SAR 117.39,SAR 135.00,SAR 0.00,2025-02-17 14:41:53,SAR,1.00,,2025-02-17 14:41:54,SAR 0.00,SAR 0.00
9465000009760444,18 Feb 2025,CN-00176,Closed,9465000000107271,SAR 266.52,SAR 307.00,SAR 0.00,2025-02-18 12:54:57,SAR,1.00,,2025-02-18 12:55:50,SAR 0.00,SAR 0.00
9465000011117236,08 Mar 2025,CN-00179,Closed,9465000000103795,SAR 156.52,SAR 180.00,SAR 0.00,2025-03-08 10:49:20,SAR,1.00,,2025-03-08 10:49:33,SAR 0.00,SAR 0.00
9465000011117540,08 Mar 2025,CN-00183,Closed,9465000002106266,SAR 36.52,SAR 42.00,SAR 0.00,2025-03-08 11:02:51,SAR,1.00,,2025-03-08 11:03:01,SAR 0.00,SAR 0.00
9465000011117710,08 Mar 2025,CN-00187,Closed,9465000005773053,SAR 39.13,SAR 45.00,SAR 0.00,2025-03-08 11:10:46,SAR,1.00,,2025-03-08 11:10:53,SAR 0.00,SAR 0.00
9465000011118000,08 Mar 2025,CN-00191,Closed,9465000002106266,SAR 33.48,SAR 39.00,SAR 0.00,2025-03-08 11:31:14,SAR,1.00,,2025-03-08 11:31:22,SAR 0.00,SAR 0.00
9465000011117330,08 Mar 2025,CN-00180,Closed,9465000000105577,SAR 99.13,SAR 114.00,SAR 0.00,2025-03-08 10:54:58,SAR,1.00,,2025-03-08 10:55:08,SAR 0.00,SAR 0.00
9465000011117586,08 Mar 2025,CN-00184,Closed,9465000000104961,SAR 15.65,SAR 18.00,SAR 0.00,2025-03-08 11:04:56,SAR,1.00,,2025-03-08 11:06:04,SAR 0.00,SAR 0.00
9465000011117754,08 Mar 2025,CN-00188,Closed,9465000000107315,SAR 88.78,SAR 102.00,SAR 0.00,2025-03-08 11:14:43,SAR,1.00,,2025-03-08 11:15:03,SAR 0.00,SAR 0.00
9465000011180072,08 Mar 2025,CN-00192,Closed,9465000000107139,SAR 78.26,SAR 90.00,SAR 0.00,2025-03-08 11:33:41,SAR,1.00,,2025-03-08 11:34:19,SAR 0.00,SAR 0.00
9465000011117400,08 Mar 2025,CN-00181,Closed,9465000000104235,SAR 6.96,SAR 8.00,SAR 0.00,2025-03-08 10:56:57,SAR,1.00,,2025-03-08 10:57:04,SAR 0.00,SAR 0.00
9465000011117632,08 Mar 2025,CN-00185,Closed,9465000000105137,SAR 36.52,SAR 42.00,SAR 0.00,2025-03-08 11:06:46,SAR,1.00,,2025-03-08 11:06:54,SAR 0.00,SAR 0.00
9465000011117822,08 Mar 2025,CN-00189,Closed,9465000000108261,SAR 39.57,SAR 46.00,SAR 0.00,2025-03-08 11:20:12,SAR,1.00,,2025-03-08 11:22:23,SAR 0.00,SAR 0.00
9465000011117446,08 Mar 2025,CN-00182,Closed,9465000000104741,SAR 81.73,SAR 94.00,SAR 0.00,2025-03-08 10:59:51,SAR,1.00,,2025-03-08 11:00:00,SAR 0.00,SAR 0.00
9465000011117942,08 Mar 2025,CN-00190,Closed,9465000000107315,SAR 847.83,SAR 975.00,SAR 0.00,2025-03-08 11:24:23,SAR,1.00,,2025-03-08 11:24:38,SAR 0.00,SAR 0.00
9465000011600767,13 Mar 2025,CN-00193,Closed,9465000000104257,SAR 267.68,SAR 308.00,SAR 0.00,2025-03-13 11:01:35,SAR,1.00,,2025-03-13 11:02:05,SAR 0.00,SAR 0.00
9465000011662201,15 Mar 2025,CN-00196,Closed,9465000000107689,SAR 160.00,SAR 184.00,SAR 0.00,2025-03-15 10:12:08,SAR,1.00,,2025-03-15 10:12:22,SAR 0.00,SAR 0.00
9465000011662105,15 Mar 2025,CN-00195,Closed,9465000000106655,SAR 130.87,SAR 151.00,SAR 0.00,2025-03-15 10:07:58,SAR,1.00,,2025-03-15 10:08:07,SAR 0.00,SAR 0.00
9465000011662059,15 Mar 2025,CN-00194,Closed,9465000000105467,SAR 159.13,SAR 183.00,SAR 0.00,2025-03-15 10:03:08,SAR,1.00,,2025-03-15 10:03:16,SAR 0.00,SAR 0.00
9465000011979034,16 Mar 2025,CN-00198,Closed,9465000007032205,SAR 37.41,SAR 43.00,SAR 0.00,2025-03-16 14:54:28,SAR,1.00,,2025-03-16 14:54:40,SAR 0.00,SAR 0.00
9465000012268212,27 Mar 2025,CN-00199,Closed,9465000006793790,SAR 179.13,SAR 206.00,SAR 0.00,2025-03-27 11:41:02,SAR,1.00,,2025-03-27 11:41:03,SAR 0.00,SAR 0.00
9465000011117678,08 Mar 2025,CN-00186,Closed,9465000000104829,SAR 20.87,SAR 24.00,SAR 0.00,2025-03-08 11:08:31,SAR,1.00,,2025-04-01 09:14:33,SAR 0.00,SAR 0.00
9465000012421734,01 Apr 2025,CN-00201,Closed,9465000003362224,SAR 12.17,SAR 14.00,SAR 0.00,2025-04-01 22:52:18,SAR,1.00,,2025-04-01 22:52:26,SAR 0.00,SAR 0.00
9465000012421780,01 Apr 2025,CN-00202,Closed,9465000000108063,SAR 43.48,SAR 50.00,SAR 0.00,2025-04-01 22:53:50,SAR,1.00,,2025-04-01 22:53:59,SAR 0.00,SAR 0.00
9465000012421826,01 Apr 2025,CN-00203,Closed,9465000002106266,SAR 27.39,SAR 32.00,SAR 0.00,2025-04-01 22:55:15,SAR,1.00,,2025-04-01 22:55:25,SAR 0.00,SAR 0.00
9465000012421874,01 Apr 2025,CN-00204,Closed,9465000000104741,SAR 15.65,SAR 18.00,SAR 0.00,2025-04-01 22:57:08,SAR,1.00,,2025-04-01 22:57:15,SAR 0.00,SAR 0.00
9465000012421932,01 Apr 2025,CN-00205,Closed,9465000001042378,SAR 91.74,SAR 106.00,SAR 0.00,2025-04-01 22:59:05,SAR,1.00,,2025-04-01 22:59:12,SAR 0.00,SAR 0.00
9465000010933201,02 Mar 2025,CN-00178,Closed,9465000000107073,SAR 111.08,SAR 128.00,SAR 0.00,2025-03-02 16:18:57,SAR,1.00,,2025-04-06 14:10:47,SAR 0.00,SAR 0.00
9465000013197845,06 Apr 2025,CN-00207,Closed,9465000005773053,SAR 180.78,SAR 208.00,SAR 0.00,2025-04-06 10:03:02,SAR,1.00,,2025-04-06 10:03:10,SAR 0.00,SAR 0.00
9465000013408095,12 Apr 2025,CN-00208,Closed,9465000006043116,SAR 886.51,"SAR 1,020.00",SAR 0.00,2025-04-12 06:47:31,SAR,1.00,,2025-04-12 06:47:31,SAR 0.00,SAR 0.00
9465000013501246,14 Apr 2025,CN-00209,Closed,9465000006737388,SAR 291.31,SAR 335.00,SAR 0.00,2025-04-14 14:10:14,SAR,1.00,,2025-04-14 14:10:15,SAR 0.00,SAR 0.00
9465000013689768,16 Apr 2025,CN-00210,Closed,9465000000103795,SAR 40.52,SAR 47.00,SAR 0.00,2025-04-16 15:11:11,SAR,1.00,,2025-04-16 17:03:18,SAR 0.00,SAR 0.00
9465000012421992,01 Apr 2025,CN-00206,Closed,9465000009277568,SAR 176.09,SAR 203.00,SAR 0.00,2025-04-01 23:01:25,SAR,1.00,,2025-04-21 10:16:11,SAR 0.00,SAR 0.00
9465000013772533,20 Apr 2025,CN-00211,Closed,9465000003362224,SAR 176.36,SAR 203.00,SAR 0.00,2025-04-20 12:43:11,SAR,1.00,,2025-04-24 12:14:03,SAR 0.00,SAR 0.00
9465000013948623,26 Apr 2025,CN-00212,Closed,9465000006043116,SAR 239.13,SAR 275.00,SAR 0.00,2025-04-26 16:13:12,SAR,1.00,,2025-04-27 09:40:38,SAR 0.00,SAR 0.00
9465000012421690,01 Apr 2025,CN-00200,Closed,9465000009277568,SAR 88.70,SAR 102.00,SAR 0.00,2025-04-01 22:48:35,SAR,1.00,,2025-04-30 09:27:50,SAR 0.00,SAR 0.00
9465000014278222,30 Apr 2025,CN-00215,Closed,9465000000152506,SAR 594.00,SAR 683.00,SAR 0.00,2025-04-30 17:38:11,SAR,1.00,,2025-04-30 17:38:11,SAR 0.00,SAR 0.00
9465000014135658,29 Apr 2025,CN-00214,Closed,9465000007032205,SAR 48.94,SAR 56.00,SAR 0.00,2025-04-29 15:48:10,SAR,1.00,,2025-05-03 11:53:56,SAR 0.00,SAR 0.00
9465000014004600,27 Apr 2025,CN-00213,Closed,9465000006737238,SAR 125.22,SAR 144.00,SAR 0.00,2025-04-27 09:56:45,SAR,1.00,,2025-05-06 15:05:56,SAR 0.00,SAR 0.00
9465000014480532,07 May 2025,CN-00218,Closed,9465000000104829,SAR 41.13,SAR 47.00,SAR 0.00,2025-05-07 16:40:53,SAR,1.00,,2025-05-07 16:41:03,SAR 0.00,SAR 0.00
9465000014534854,10 May 2025,CN-00219,Closed,9465000000191543,SAR 83.74,SAR 96.00,SAR 0.00,2025-05-10 13:11:13,SAR,1.00,,2025-05-10 13:26:46,SAR 0.00,SAR 0.00
9465000014557578,11 May 2025,CN-00220,Closed,9465000000103795,SAR 10.43,SAR 12.00,SAR 0.00,2025-05-11 10:42:29,SAR,1.00,,2025-05-11 10:42:40,SAR 0.00,SAR 0.00
9465000014577743,12 May 2025,CN-00222,Closed,9465000000104433,SAR 39.99,SAR 46.00,SAR 0.00,2025-05-12 15:25:52,SAR,1.00,,2025-05-12 15:26:39,SAR 0.00,SAR 0.00
9465000014593979,13 May 2025,CN-00223,Closed,9465000000104477,SAR 14.26,SAR 16.00,SAR 0.00,2025-05-13 08:32:21,SAR,1.00,,2025-05-13 08:32:29,SAR 0.00,SAR 0.00
9465000014625074,13 May 2025,CN-00225,Closed,9465000003362224,SAR 70.49,SAR 81.00,SAR 0.00,2025-05-13 09:17:31,SAR,1.00,,2025-05-13 09:19:21,SAR 0.00,SAR 0.00
9465000014625184,13 May 2025,CN-00226,Closed,9465000000104961,SAR 13.05,SAR 15.00,SAR 0.00,2025-05-13 09:22:11,SAR,1.00,,2025-05-13 09:24:30,SAR 0.00,SAR 0.00
9465000010545437,01 Mar 2025,CN-00177,Closed,9465000000105027,SAR 11.30,SAR 13.00,SAR 0.00,2025-03-01 13:23:27,SAR,1.00,,2025-05-14 14:05:05,SAR 0.00,SAR 0.00
9465000014660413,14 May 2025,CN-00228,Closed,9465000000103993,SAR 106.70,SAR 123.00,SAR 0.00,2025-05-14 08:54:40,SAR,1.00,,2025-05-14 09:19:55,SAR 0.00,SAR 0.00
9465000014660661,14 May 2025,CN-00232,Closed,9465000000104389,SAR 31.30,SAR 36.00,SAR 0.00,2025-05-14 09:05:57,SAR,1.00,,2025-05-14 12:17:30,SAR 0.00,SAR 0.00
9465000014684565,14 May 2025,CN-00236,Closed,9465000000104389,SAR 36.52,SAR 42.00,SAR 0.00,2025-05-14 11:44:05,SAR,1.00,,2025-05-14 12:17:30,SAR 0.00,SAR 0.00
9465000014600972,13 May 2025,CN-00224,Closed,9465000000104477,SAR 31.48,SAR 36.00,SAR 0.00,2025-05-13 09:14:26,SAR,1.00,,2025-05-14 09:22:53,SAR 0.00,SAR 0.00
9465000014660531,14 May 2025,CN-00230,Closed,9465000000104961,SAR 23.48,SAR 27.00,SAR 0.00,2025-05-14 09:00:44,SAR,1.00,,2025-05-14 09:00:58,SAR 0.00,SAR 0.00
9465000014684065,14 May 2025,CN-00234,Closed,9465000000103795,SAR 27.83,SAR 32.00,SAR 0.00,2025-05-14 10:29:38,SAR,1.00,,2025-05-14 10:29:49,SAR 0.00,SAR 0.00
9465000015177089,15 May 2025,CN-00238,Closed,9465000000104477,SAR 53.32,SAR 61.00,SAR 0.00,2025-05-15 11:21:51,SAR,1.00,,2025-05-15 11:22:02,SAR 0.00,SAR 0.00
9465000014660379,14 May 2025,CN-00227,Closed,9465000007073135,SAR 13.57,SAR 16.00,SAR 0.00,2025-05-14 08:49:49,SAR,1.00,,2025-05-14 14:02:49,SAR 0.00,SAR 0.00
9465000014660603,14 May 2025,CN-00231,Closed,9465000001063988,SAR 39.13,SAR 45.00,SAR 0.00,2025-05-14 09:03:54,SAR,1.00,,2025-05-14 09:04:02,SAR 0.00,SAR 0.00
9465000014684123,14 May 2025,CN-00235,Closed,9465000000104961,SAR 8.70,SAR 10.00,SAR 0.00,2025-05-14 10:32:22,SAR,1.00,,2025-05-14 10:32:29,SAR 0.00,SAR 0.00
9465000014562309,11 May 2025,CN-00221,Closed,9465000000109053,SAR 153.87,SAR 177.00,SAR 0.00,2025-05-11 15:08:53,SAR,1.00,,2025-05-14 09:16:06,SAR 0.00,SAR 0.00
9465000014660485,14 May 2025,CN-00229,Closed,9465000000104741,SAR 20.43,SAR 24.00,SAR 0.00,2025-05-14 08:57:55,SAR,1.00,,2025-05-14 09:01:56,SAR 0.00,SAR 0.00
9465000014688002,14 May 2025,CN-00237,Closed,9465000007073135,SAR 62.61,SAR 72.00,SAR 0.00,2025-05-14 13:44:18,SAR,1.00,,2025-05-14 14:02:25,SAR 0.00,SAR 0.00
9465000015451118,19 May 2025,CN-00241,Closed,9465000000103795,SAR 60.87,SAR 70.00,SAR 0.00,2025-05-19 14:27:51,SAR,1.00,,2025-05-19 15:55:39,SAR 0.00,SAR 0.00
9465000014660715,14 May 2025,CN-00233,Closed,9465000000104675,SAR 5.57,SAR 6.00,SAR 0.00,2025-05-14 09:08:42,SAR,1.00,,2025-05-21 13:25:31,SAR 0.00,SAR 0.00
9465000015528003,22 May 2025,CN-00242,Closed,9465000000104675,SAR 20.87,SAR 24.00,SAR 0.00,2025-05-22 09:21:21,SAR,1.00,,2025-05-22 09:21:32,SAR 0.00,SAR 0.00
9465000014480263,07 May 2025,CN-00217,Closed,9465000006021255,"SAR 1,385.00","SAR 1,593.00",SAR 0.00,2025-05-07 12:04:12,SAR,1.00,,2025-05-27 15:52:12,SAR 0.00,SAR 0.00
9465000015633903,27 May 2025,CN-00243,Closed,9465000015610949,SAR 78.26,SAR 90.00,SAR 0.00,2025-05-27 11:39:21,SAR,1.00,,2025-05-27 11:39:22,SAR 0.00,SAR 0.00
9465000015861623,31 May 2025,CN-00247,Closed,9465000006736932,SAR 41.74,SAR 48.00,SAR 0.00,2025-05-31 14:38:11,SAR,1.00,,2025-05-31 14:38:17,SAR 0.00,SAR 0.00
9465000015670404,27 May 2025,CN-00244,Closed,9465000010517647,"SAR 2,963.47","SAR 3,408.00",SAR 0.00,2025-05-27 16:23:09,SAR,1.00,,2025-06-01 17:07:51,SAR 0.00,SAR 0.00
9465000015917559,01 Jun 2025,CN-00248,Closed,9465000014305069,SAR 229.56,SAR 264.00,SAR 0.00,2025-06-01 11:59:33,SAR,1.00,,2025-06-01 11:59:34,SAR 0.00,SAR 0.00
9465000016013666,03 Jun 2025,CN-00250,Closed,9465000003537418,"SAR 14,430.42","SAR 16,595.00",SAR 0.00,2025-06-03 08:47:19,SAR,1.00,,2025-06-03 08:47:32,SAR 0.00,SAR 0.00
9465000015838539,31 May 2025,CN-00246,Closed,9465000000103795,SAR 134.78,SAR 155.00,SAR 0.00,2025-05-31 11:27:21,SAR,1.00,,2025-06-09 09:19:58,SAR 0.00,SAR 0.00
9465000016304126,09 Jun 2025,CN-00254,Closed,9465000000104829,SAR 85.66,SAR 99.00,SAR 0.00,2025-06-09 09:17:47,SAR,1.00,,2025-06-09 09:17:55,SAR 0.00,SAR 0.00
9465000016497482,09 Jun 2025,CN-00258,Closed,9465000009757331,SAR 54.78,SAR 63.00,SAR 0.00,2025-06-09 14:15:31,SAR,1.00,,2025-06-09 14:15:41,SAR 0.00,SAR 0.00
9465000016276866,09 Jun 2025,CN-00252,Closed,9465000000104323,SAR 9.39,SAR 11.00,SAR 0.00,2025-06-09 09:02:36,SAR,1.00,,2025-06-09 09:03:24,SAR 0.00,SAR 0.00
9465000016304420,09 Jun 2025,CN-00256,Closed,9465000000104125,SAR 15.71,SAR 18.00,SAR 0.00,2025-06-09 09:42:32,SAR,1.00,,2025-06-09 09:43:45,SAR 0.00,SAR 0.00
9465000016276806,09 Jun 2025,CN-00251,Closed,9465000003362224,SAR 17.95,SAR 21.00,SAR 0.00,2025-06-09 08:59:04,SAR,1.00,,2025-06-09 08:59:13,SAR 0.00,SAR 0.00
9465000016304228,09 Jun 2025,CN-00255,Closed,9465000002126891,SAR 96.01,SAR 110.00,SAR 0.00,2025-06-09 09:24:40,SAR,1.00,,2025-06-09 09:24:52,SAR 0.00,SAR 0.00
9465000016497430,09 Jun 2025,CN-00257,Closed,9465000009757331,SAR 46.09,SAR 53.00,SAR 0.00,2025-06-09 14:13:31,SAR,1.00,,2025-06-09 14:13:31,SAR 0.00,SAR 0.00
9465000015923433,01 Jun 2025,CN-00249,Closed,9465000001042378,SAR 30.26,SAR 35.00,SAR 0.00,2025-06-01 14:29:54,SAR,1.00,,2025-06-10 13:10:29,SAR 0.00,SAR 0.00
9465000015621817,27 May 2025,CN-00245,Closed,9465000000103993,SAR 30.43,SAR 35.00,SAR 0.00,2025-05-27 17:14:24,SAR,1.00,,2025-06-10 15:20:13,SAR 0.00,SAR 0.00
9465000016797729,11 Jun 2025,CN-00259,Closed,9465000000104477,SAR 15.25,SAR 18.00,SAR 0.00,2025-06-11 09:20:51,SAR,1.00,,2025-06-11 09:20:59,SAR 0.00,SAR 0.00
9465000016891457,14 Jun 2025,CN-00260,Closed,9465000007282001,SAR 9.39,SAR 11.00,SAR 0.00,2025-06-14 14:05:38,SAR,1.00,,2025-06-14 14:33:16,SAR 0.00,SAR 0.00
9465000016976660,17 Jun 2025,CN-00262,Closed,9465000000117866,SAR 39.65,SAR 46.00,SAR 0.00,2025-06-17 07:55:42,SAR,1.00,,2025-06-17 07:55:42,SAR 0.00,SAR 0.00
9465000016276914,09 Jun 2025,CN-00253,Closed,9465000002106266,SAR 218.04,SAR 251.00,SAR 0.00,2025-06-09 09:12:36,SAR,1.00,,2025-06-18 12:17:20,SAR 0.00,SAR 0.00
9465000017134725,18 Jun 2025,CN-00263,Closed,9465000000108261,SAR 315.56,SAR 363.00,SAR 0.00,2025-06-18 14:12:55,SAR,1.00,,2025-06-18 14:13:18,SAR 0.00,SAR 0.00
9465000018202233,27 Jun 2025,CN-00265,Closed,9465000012076539,SAR 60.87,SAR 70.00,SAR 0.00,2025-06-27 16:03:33,SAR,1.00,,2025-06-27 16:04:01,SAR 0.00,SAR 0.00
9465000015338996,18 May 2025,CN-00239,Closed,9465000014556250,SAR 313.05,SAR 360.00,SAR 0.00,2025-05-18 08:50:20,SAR,1.00,,2025-06-28 18:33:09,SAR 0.00,SAR 0.00
9465000003461109,11 Sep 2024,CN-00019,Closed,9465000003461048,SAR 780.00,SAR 897.00,SAR 0.00,2024-09-11 12:32:18,SAR,1.00,9465000000162172,2025-06-29 16:45:49,SAR 0.00,SAR 0.00
9465000014387232,04 May 2025,CN-00216,Closed,9465000000152506,"SAR 2,200.00","SAR 2,530.00",SAR 0.00,2025-05-04 11:06:47,SAR,1.00,,2025-06-29 22:59:45,SAR 0.00,SAR 0.00
9465000015440972,19 May 2025,CN-00240,Closed,9465000000152506,"SAR 1,750.09","SAR 2,013.00",SAR 0.00,2025-05-19 12:22:31,SAR,1.00,,2025-06-29 22:59:54,SAR 0.00,SAR 0.00
9465000018729370,01 Jul 2025,CN-00266,Closed,9465000000104807,SAR 32.61,SAR 38.00,SAR 0.00,2025-07-01 13:03:34,SAR,1.00,,2025-07-01 13:08:41,SAR 0.00,SAR 0.00
9465000019176140,02 Jul 2025,CN-00267,Closed,9465000000104675,SAR 45.14,SAR 52.00,SAR 0.00,2025-07-02 14:07:42,SAR,1.00,,2025-07-02 14:10:52,SAR 0.00,SAR 0.00
9465000016932096,15 Jun 2025,CN-00261,Closed,9465000001063988,SAR 27.83,SAR 32.00,SAR 0.00,2025-06-15 11:35:20,SAR,1.00,,2025-07-03 11:28:27,SAR 0.00,SAR 0.00
9465000019251003,03 Jul 2025,CN-00269,Closed,9465000000109053,SAR 58.30,SAR 67.00,SAR 0.00,2025-07-04 14:14:02,SAR,1.00,,2025-07-04 14:14:40,SAR 0.00,SAR 0.00
9465000005905935,16 Nov 2024,CN-00101,Closed,9465000003562374,SAR 23.93,SAR 28.00,SAR 0.00,2024-11-16 08:42:40,SAR,1.00,9465000003527716,2025-07-05 09:58:47,SAR 0.00,SAR 0.00
9465000019327978,05 Jul 2025,CN-00271,Closed,9465000002038409,SAR 20.94,SAR 24.00,SAR 0.00,2025-07-05 15:18:48,SAR,1.00,,2025-07-05 16:05:07,SAR 0.00,SAR 0.00
9465000011662291,15 Mar 2025,CN-00197,Closed,9465000000105731,SAR 163.48,SAR 188.00,SAR 0.00,2025-03-15 10:13:54,SAR,1.00,,2025-07-05 11:50:45,SAR 0.00,SAR 0.00
9465000019224801,03 Jul 2025,CN-00268,Closed,9465000003362224,SAR 45.22,SAR 52.00,SAR 0.00,2025-07-03 12:17:01,SAR,1.00,,2025-07-05 12:08:47,SAR 0.00,SAR 0.00
9465000019301354,05 Jul 2025,CN-00270,Closed,9465000000103795,SAR 8.96,SAR 10.00,SAR 0.00,2025-07-05 12:10:52,SAR,1.00,,2025-07-05 15:03:22,SAR 0.00,SAR 0.00
9465000019484734,08 Jul 2025,CN-00273,Open,9465000000104323,SAR 50.87,SAR 59.00,SAR 59.00,2025-07-08 09:53:12,SAR,1.00,,2025-07-08 09:53:12,SAR 0.00,SAR 0.00
9465000019484655,08 Jul 2025,CN-00272,Closed,9465000007073135,SAR 53.91,SAR 62.00,SAR 0.00,2025-07-08 09:48:38,SAR,1.00,,2025-07-08 10:20:30,SAR 0.00,SAR 0.00
9465000019511498,08 Jul 2025,CN-00274,Closed,9465000014487658,SAR 115.65,SAR 133.00,SAR 0.00,2025-07-08 16:21:46,SAR,1.00,,2025-07-08 16:22:06,SAR 0.00,SAR 0.00
9465000019638312,12 Jul 2025,CN-00275,Open,9465000000152506,"SAR 1,608.00","SAR 1,849.00","SAR 1,849.00",2025-07-12 12:34:32,SAR,1.00,,2025-07-12 14:03:33,SAR 0.00,SAR 0.00
9465000020001502,17 Jul 2025,CN-00276,Closed,9465000007282001,SAR 4.87,SAR 6.00,SAR 0.00,2025-07-17 14:55:53,SAR,1.00,,2025-07-17 15:26:05,SAR 0.00,SAR 0.00
9465000020140031,19 Jul 2025,CN-00277,Open,9465000000152506,SAR 804.93,SAR 926.00,SAR 926.00,2025-07-19 10:43:46,SAR,1.00,,2025-07-19 10:44:32,SAR 0.00,SAR 0.00
9465000020288062,21 Jul 2025,CN-00279,Closed,9465000000103993,SAR 98.60,SAR 113.00,SAR 0.00,2025-07-21 14:12:34,SAR,1.00,,2025-07-21 16:39:14,SAR 0.00,SAR 0.00
9465000020272428,21 Jul 2025,CN-00278,Closed,9465000000107139,SAR 347.83,SAR 400.00,SAR 0.00,2025-07-21 11:43:57,SAR,1.00,,2025-07-21 11:57:58,SAR 0.00,SAR 0.00
9465000020317116,21 Jul 2025,CN-00280,Open,9465000008357026,SAR 93.91,SAR 108.00,SAR 108.00,2025-07-21 15:37:25,SAR,1.00,,2025-07-21 15:37:25,SAR 0.00,SAR 0.00
9465000020345072,22 Jul 2025,CN-00281,Closed,9465000006043116,SAR 42.00,SAR 48.00,SAR 0.00,2025-07-22 09:33:56,SAR,1.00,9465000006350932,2025-07-22 09:34:36,SAR 0.00,SAR 0.00
9465000020582517,24 Jul 2025,CN-00284,Closed,9465000000105577,SAR 142.44,SAR 164.00,SAR 0.00,2025-07-24 10:32:59,SAR,1.00,,2025-07-24 10:33:10,SAR 0.00,SAR 0.00
9465000020520908,23 Jul 2025,CN-00283,Closed,9465000000104125,SAR 26.25,SAR 30.00,SAR 0.00,2025-07-23 16:06:18,SAR,1.00,,2025-07-23 16:06:55,SAR 0.00,SAR 0.00
