Transfer Order ID,Order Number,Status,Source Warehouse,Destination Warehouse,Created Time,Last Modified Time
9465000001087050,ASIR TRFR-1-1,transferred,9465000000009056,9465000000009078,2024-08-12 11:46:29,2024-08-16 22:26:00
9465000001107489,TO-00001,transferred,9465000000009056,9465000000009109,2024-08-12 13:57:32,2024-08-22 10:20:02
9465000001338001,TO-00002,transferred,9465000000009056,9465000000009109,2024-08-16 18:03:22,2024-08-26 16:38:01
9465000001338303,TO-00003,transferred,9465000000009109,9465000000009056,2024-08-16 18:03:53,2024-08-16 18:04:23
9465000001739413,TO-00007,transferred,9465000000009056,9465000000009078,2024-08-17 13:19:51,2024-09-12 12:35:42
9465000001739521,TO-00008,transferred,9465000000009056,9465000000009078,2024-08-17 14:16:15,2024-08-17 14:16:51
9465000001756201,TO-00010,transferred,9465000000009056,9465000000009078,2024-08-18 08:50:04,2024-09-18 17:04:41
9465000001768285,TO-00011,transferred,9465000000009056,9465000000009109,2024-08-18 11:04:50,2024-08-18 11:05:21
9465000001993117,TO-00012,transferred,9465000000009056,9465000000009078,2024-08-19 14:11:03,2025-01-12 17:26:43
9465000001995525,TO-00013,transferred,9465000000009078,9465000000009056,2024-08-19 14:30:36,2024-08-27 11:24:55
9465000002002033,TO-00014,transferred,9465000000009056,9465000000093344,2024-08-19 15:26:02,2024-10-28 10:50:04
9465000002002639,TO-00015,transferred,9465000000009056,9465000000009109,2024-08-19 15:46:45,2024-08-25 20:44:22
9465000002093238,TO-00017,transferred,9465000000009056,9465000000009109,2024-08-24 16:27:43,2024-09-18 17:04:41
9465000002093684,TO-00018,transferred,9465000000009056,9465000000009109,2024-08-24 16:35:16,2024-09-18 17:04:41
9465000002129097,TO-00020,transferred,9465000000009056,9465000000009109,2024-08-25 15:56:28,2024-08-25 16:12:16
9465000003052627,TO-00021,transferred,9465000000009056,9465000000009109,2024-08-27 12:22:54,2024-08-27 12:23:46
9465000003089146,TO-00023,transferred,9465000000009109,9465000000009056,2024-08-27 15:55:20,2024-08-27 15:55:50
9465000003205001,TO-00027,transferred,9465000000009056,9465000000009109,2024-09-03 10:33:21,2024-11-10 11:09:09
9465000003205538,TO-00028,transferred,9465000000009056,9465000000009109,2024-09-03 10:39:33,2024-09-03 10:40:12
9465000003205912,TO-00029,transferred,9465000000009109,9465000000009056,2024-09-03 10:40:26,2024-09-03 10:41:11
9465000003205950,TO-00030,transferred,9465000000009056,9465000000009109,2024-09-03 10:49:18,2024-09-03 10:50:12
9465000003218342,TO-00031,transferred,9465000000009056,9465000000009109,2024-09-03 11:27:25,2025-01-26 13:59:45
9465000003231246,TO-00032,transferred,9465000000009109,9465000000009056,2024-09-03 15:16:05,2024-09-03 15:16:47
9465000003336006,TO-00034,transferred,9465000000009056,9465000000009109,2024-09-07 14:33:21,2024-09-07 14:34:00
9465000003336290,TO-00035,transferred,9465000000009056,9465000000009109,2024-09-07 14:38:32,2024-09-07 14:39:01
9465000003384525,TO-00036,transferred,9465000000009056,9465000000009109,2024-09-11 09:47:49,2024-09-11 10:51:46
9465000003400277,TO-00038,transferred,9465000000009056,9465000000009109,2024-09-11 10:00:51,2024-09-11 10:50:33
9465000003413547,TO-00040,transferred,9465000000009056,9465000000009109,2024-09-11 11:01:59,2025-01-12 17:26:43
9465000003511097,TO-00043,transferred,9465000000009056,9465000000009109,2024-09-14 08:43:57,2024-09-14 08:44:44
9465000003537545,TO-00045,transferred,9465000000009056,9465000000009109,2024-09-14 13:39:57,2024-09-17 11:00:58
9465000003551848,TO-00046,transferred,9465000000009056,9465000000009078,2024-09-15 08:44:00,2025-01-12 17:06:42
9465000003584466,TO-00047,transferred,9465000000009056,9465000000009109,2024-09-17 11:05:19,2025-01-12 17:26:43
9465000003599083,TO-00050,transferred,9465000000009056,9465000000009109,2024-09-17 15:48:42,2024-12-18 16:24:49
9465000003664051,TO-00053,transferred,9465000000009056,9465000003525082,2024-09-21 08:43:29,2024-09-21 08:45:16
9465000003798447,TO-00054,transferred,9465000000009056,9465000000009109,2024-09-24 09:53:42,2024-09-26 13:10:05
9465000003798681,TO-00055,transferred,9465000000009056,9465000000009109,2024-09-24 09:57:49,2024-09-24 09:58:18
9465000003798931,TO-00056,transferred,9465000000009056,9465000000009078,2024-09-24 09:59:49,2024-09-24 10:02:24
9465000003816124,TO-00057,transferred,9465000000009056,9465000003525082,2024-09-24 10:44:12,2024-09-24 11:44:12
9465000003826447,TO-00059,transferred,9465000000009109,9465000000009056,2024-09-24 11:54:46,2024-09-24 11:55:27
9465000003835009,TO-00060,transferred,9465000000009056,9465000000009109,2024-09-24 16:59:43,2024-09-24 17:00:05
9465000003835581,TO-00061,transferred,9465000000009056,9465000000009109,2024-09-24 17:04:27,2024-09-24 17:05:04
9465000003849508,TO-00062,transferred,9465000000009056,9465000000009078,2024-09-24 18:12:35,2024-10-28 10:50:04
9465000003851674,TO-00063,transferred,9465000000009056,9465000003525082,2024-09-24 18:45:14,2024-09-26 12:13:54
9465000003890419,TO-00064,transferred,9465000000009056,9465000000009109,2024-09-26 12:24:03,2024-09-26 13:10:05
9465000003890649,TO-00065,transferred,9465000000009056,9465000003525082,2024-09-26 12:28:59,2024-09-26 12:29:04
9465000003890863,TO-00066,transferred,9465000000009056,9465000000009109,2024-09-26 12:33:01,2024-09-26 13:10:05
9465000003946693,TO-00069,transferred,9465000000009078,9465000000009109,2024-09-28 15:34:49,2024-09-28 15:34:52
9465000003946745,TO-00070,transferred,9465000000009056,9465000000009078,2024-09-28 15:39:51,2024-09-28 15:39:59
9465000004027343,TO-00072,transferred,9465000000009056,9465000000009109,2024-09-30 15:48:20,2024-09-30 15:48:42
9465000004027413,TO-00073,transferred,9465000000009056,9465000003525082,2024-09-30 15:50:15,2024-09-30 15:52:23
9465000003989208,TO-00071,transferred,9465000000009056,9465000000009109,2024-09-29 18:40:27,2024-09-29 18:40:59
9465000004105640,TO-00076,transferred,9465000000009056,9465000000009078,2024-10-03 12:29:25,2024-10-03 12:29:56
9465000004105672,TO-00077,transferred,9465000000009056,9465000000009109,2024-10-03 12:33:38,2024-10-03 12:34:26
9465000004232736,TO-00079,transferred,9465000000009056,9465000003525082,2024-10-05 13:27:41,2024-10-05 13:27:48
9465000004240346,TO-00080,transferred,9465000000009056,9465000000009109,2024-10-05 13:35:30,2024-10-05 13:36:02
9465000004266464,TO-00082,transferred,9465000000009056,9465000000009109,2024-10-05 17:18:44,2024-10-05 17:19:37
9465000004282677,TO-00083,transferred,9465000000009056,9465000003525082,2024-10-06 11:43:06,2024-10-06 12:41:02
9465000004282907,TO-00084,transferred,9465000000009056,9465000000009109,2024-10-06 11:47:26,2024-10-06 12:41:02
9465000004314177,TO-00085,transferred,9465000000009056,9465000000093344,2024-10-06 15:28:55,2024-10-06 15:28:59
9465000004328016,TO-00086,transferred,9465000000009056,9465000003525082,2024-10-07 11:04:00,2024-10-07 11:04:32
9465000004429433,TO-00091,transferred,9465000000009056,9465000000093344,2024-10-08 17:48:01,2024-10-28 10:50:04
9465000004446949,TO-00096,transferred,9465000000009056,9465000003525082,2024-10-09 11:32:50,2024-10-09 11:32:56
9465000004467104,TO-00093,transferred,9465000000009056,9465000000093344,2024-10-09 10:46:45,2024-10-09 10:46:49
9465000004467396,TO-00094,transferred,9465000000009056,9465000000009109,2024-10-09 11:00:02,2024-10-09 11:00:37
9465000004467752,TO-00095,transferred,9465000000009109,9465000000009056,2024-10-09 11:03:26,2024-10-09 11:04:07
9465000004566683,TO-00099,transferred,9465000000009056,9465000003525082,2024-10-13 15:51:28,2024-10-13 15:52:27
9465000004582362,TO-00101,transferred,9465000000009056,9465000003525082,2024-10-14 15:11:55,2024-10-14 15:12:29
9465000004546070,TO-00097,transferred,9465000000009056,9465000003525082,2024-10-12 17:20:10,2024-10-12 17:20:55
9465000004552053,TO-00098,transferred,9465000000009056,9465000000093344,2024-10-12 17:41:24,2024-10-12 17:41:56
9465000004612410,TO-00103,transferred,9465000000009056,9465000003525082,2024-10-15 12:03:50,2024-10-15 12:03:59
9465000004629001,TO-00104,draft,9465000000009056,9465000000009109,2024-10-15 14:39:20,2024-10-15 14:39:20
9465000004685737,TO-00105,transferred,9465000000009056,9465000000093344,2024-10-17 17:41:11,2024-10-17 17:41:43
9465000004692169,TO-00106,transferred,9465000000009056,9465000000009109,2024-10-17 17:44:21,2024-10-20 14:44:23
9465000004767354,TO-00107,transferred,9465000000009056,9465000003525082,2024-10-20 14:58:08,2024-10-20 14:58:19
9465000005136646,TO-00110,transferred,9465000000009056,9465000003525082,2024-10-29 10:47:40,2024-10-29 10:48:23
9465000005411192,TO-00111,transferred,9465000000009056,9465000000009078,2024-11-08 10:58:44,2024-11-08 10:58:59
9465000007875092,TO-00113,transferred,9465000000009056,9465000000009109,2025-01-15 10:54:12,2025-01-15 10:54:33
9465000005746308,TO-00112,transferred,9465000000009078,9465000000009109,2024-11-09 12:43:56,2025-02-23 12:38:48
9465000004416927,TO-00090,transferred,9465000000009056,9465000000093344,2024-10-08 17:43:12,2025-03-09 12:37:47
9465000001703483,TO-00006,transferred,9465000000009056,9465000000009078,2024-08-17 12:44:48,2025-03-09 12:37:46
9465000003946029,TO-00068,transferred,9465000000009056,9465000000009109,2024-09-28 15:22:10,2025-03-09 12:37:47
9465000001703134,TO-00005,transferred,9465000000009056,9465000000009109,2024-08-17 10:39:27,2025-03-09 12:37:47
9465000004464424,TO-00092,transferred,9465000000009056,9465000000093344,2024-10-09 10:42:21,2025-03-09 12:37:47
9465000003108651,TO-00026,transferred,9465000000009056,9465000000009109,2024-08-29 10:29:45,2025-03-09 12:37:47
9465000004092269,TO-00075,transferred,9465000000009056,9465000003525082,2024-10-02 18:18:48,2025-03-09 12:37:47
9465000003116645,TO-00025,transferred,9465000000009056,9465000000009109,2024-08-28 10:44:24,2025-03-29 05:51:03
9465000002022105,TO-00016,transferred,9465000000009056,9465000000009109,2024-08-20 10:52:00,2025-03-29 05:51:04
9465000003089178,TO-00024,transferred,9465000000009056,9465000000009078,2024-08-27 16:04:11,2025-03-29 05:51:04
9465000002125680,TO-00019,transferred,9465000000009056,9465000000009109,2024-08-25 15:24:35,2025-03-29 05:51:03
9465000003826237,TO-00058,transferred,9465000000009056,9465000000009109,2024-09-24 11:52:08,2025-03-29 05:51:03
9465000003086165,TO-00022,transferred,9465000000009056,9465000000009109,2024-08-27 15:22:42,2025-04-01 09:39:20
9465000003593815,TO-00049,transferred,9465000000009056,9465000000009109,2024-09-17 15:31:11,2025-04-01 09:39:20
9465000003384813,TO-00037,transferred,9465000000009056,9465000000009109,2024-09-11 09:56:38,2025-04-01 09:39:20
9465000003593567,TO-00048,transferred,9465000000009056,9465000003525082,2024-09-17 15:27:33,2025-04-01 09:39:20
9465000004232495,TO-00078,transferred,9465000000009109,9465000000009078,2024-10-05 12:57:58,2025-04-02 00:48:08
9465000012320737,TO-00114,transferred,9465000000009056,9465000000009109,2025-04-02 10:22:29,2025-04-02 10:23:30
9465000013146117,TO-00115,transferred,9465000000009056,9465000000009109,2025-04-05 13:21:41,2025-04-05 13:22:11
9465000004396817,TO-00088,transferred,9465000000009056,9465000000093344,2024-10-08 16:11:06,2025-04-14 15:41:55
9465000004050496,TO-00074,transferred,9465000000009056,9465000000009109,2024-10-01 12:58:46,2025-04-15 00:45:13
9465000004602836,TO-00102,transferred,9465000000009056,9465000000009078,2024-10-15 09:07:52,2025-04-15 00:45:13
9465000003633276,TO-00052,transferred,9465000000009056,9465000000009109,2024-09-18 17:26:44,2025-04-15 00:45:13
9465000004266034,TO-00081,transferred,9465000000009056,9465000000009078,2024-10-05 17:14:39,2025-04-15 00:45:13
9465000004797010,TO-00108,transferred,9465000000009056,9465000000009078,2024-10-20 15:20:00,2025-04-15 00:45:13
9465000004328138,TO-00087,transferred,9465000000009056,9465000000009109,2024-10-07 11:07:03,2025-04-15 00:45:13
9465000013146401,TO-00116,transferred,9465000000009056,9465000000009109,2025-04-05 13:35:15,2025-04-15 12:43:52
9465000001063624,ASIR TRFR-1,transferred,9465000000009056,9465000000009078,2024-08-11 20:45:46,2025-04-22 12:59:09
9465000001052015,RASHID TRFR-1,transferred,9465000000009056,9465000000009109,2024-08-11 17:27:57,2025-05-03 09:53:52
9465000004403807,TO-00089,transferred,9465000000009056,9465000000093344,2024-10-08 17:38:17,2025-05-03 09:53:52
9465000003511291,TO-00044,transferred,9465000000009056,9465000000009078,2024-09-14 09:02:50,2025-04-22 12:59:09
9465000003400543,TO-00039,transferred,9465000000009056,9465000000009109,2024-09-11 10:49:43,2025-05-20 09:47:03
9465000015573757,TO-00117,transferred,9465000000009056,9465000000009109,2025-05-25 17:54:16,2025-05-25 17:59:23
9465000003483264,TO-00042,transferred,9465000000009056,9465000000093344,2024-09-12 11:02:38,2025-05-26 15:38:26
9465000004582132,TO-00100,transferred,9465000000009056,9465000000009109,2024-10-14 15:08:33,2025-05-27 14:57:48
9465000015598701,TO-00118,transferred,9465000000009056,9465000000009109,2025-05-26 10:46:59,2025-05-28 08:14:14
9465000003413943,TO-00041,transferred,9465000000009056,9465000000009078,2024-09-11 11:40:01,2025-06-01 15:32:48
9465000016304707,TO-00124,transferred,9465000015588996,9465000000009056,2025-06-09 10:33:16,2025-06-09 11:48:02
9465000001750623,TO-00009,transferred,9465000000009056,9465000000009109,2024-08-18 08:36:43,2025-06-10 16:29:42
9465000003231296,TO-00033,transferred,9465000000009056,9465000000009078,2024-09-03 15:39:17,2025-06-10 16:18:11
9465000016715952,TO-00126,transferred,9465000000009056,9465000000009109,2025-06-10 10:26:44,2025-06-10 14:53:45
9465000016836179,TO-00129,transferred,9465000000009056,9465000000009109,2025-06-12 16:44:03,2025-06-12 16:44:39
9465000016920274,TO-00132,transferred,9465000000009056,9465000000009109,2025-06-15 10:48:01,2025-06-15 10:49:13
9465000016953393,TO-00135,transferred,9465000000009056,9465000000009109,2025-06-16 09:29:17,2025-06-16 09:29:48
9465000016953201,TO-00134,transferred,9465000000009056,9465000000009109,2025-06-16 09:17:56,2025-06-16 09:18:27
9465000016982985,TO-00136,transferred,9465000000009056,9465000000009109,2025-06-16 17:20:38,2025-06-17 08:56:26
9465000017055073,TO-00140,transferred,9465000000009056,9465000000009109,2025-06-18 08:56:31,2025-06-18 08:57:05
9465000017087963,TO-00141,transferred,9465000000009109,9465000000009056,2025-06-18 12:42:34,2025-06-18 12:42:38
9465000003599493,TO-00051,transferred,9465000000009056,9465000003525082,2024-09-17 16:13:11,2025-06-23 16:22:55
9465000017926473,TO-00151,transferred,9465000015588996,9465000000009056,2025-06-25 12:35:46,2025-06-25 12:36:20
9465000001338335,TO-00004,transferred,9465000000009056,9465000000009109,2024-08-16 18:08:10,2025-06-21 08:43:40
9465000017217414,TO-00144,transferred,9465000000009056,9465000000009109,2025-06-21 08:48:06,2025-06-21 08:48:40
9465000017661554,TO-00148,transferred,9465000015588996,9465000000009056,2025-06-24 12:45:47,2025-06-24 12:46:05
9465000017926531,TO-00152,transferred,9465000000009056,9465000015588996,2025-06-25 12:38:08,2025-06-25 12:58:22
9465000003941048,TO-00067,transferred,9465000000009056,9465000003525082,2024-09-28 12:31:11,2025-06-23 13:54:26
9465000017228624,TO-00146,transferred,9465000000009056,9465000015588996,2025-06-21 13:30:18,2025-06-21 13:30:51
9465000018221051,TO-00156,transferred,9465000015588996,9465000000009056,2025-06-28 07:17:06,2025-06-28 07:17:39
9465000015628120,TO-00119,transferred,9465000000009056,9465000015588996,2025-05-27 09:11:11,2025-06-29 16:13:25
9465000016734408,TO-00127,transferred,9465000000009056,9465000015588996,2025-06-10 12:04:49,2025-06-29 16:13:25
9465000016851335,TO-00130,transferred,9465000000009056,9465000000009109,2025-06-14 11:42:07,2025-06-29 16:13:24
9465000017153124,TO-00142,transferred,9465000000009056,9465000000009109,2025-06-18 15:08:00,2025-06-29 16:13:23
9465000015670644,TO-00120,transferred,9465000000009056,9465000000009109,2025-05-28 07:25:36,2025-06-29 16:13:23
9465000016802176,TO-00128,transferred,9465000000009056,9465000000009109,2025-06-11 10:22:06,2025-06-29 16:13:24
9465000016976743,TO-00137,transferred,9465000000009056,9465000000009109,2025-06-17 08:37:51,2025-06-29 16:13:24
9465000017172083,TO-00143,transferred,9465000000009056,9465000015588996,2025-06-19 08:50:42,2025-06-29 16:13:25
9465000015764995,TO-00121,transferred,9465000000009056,9465000000009109,2025-05-29 07:11:50,2025-06-29 16:13:22
9465000016903987,TO-00131,transferred,9465000000009056,9465000015588996,2025-06-15 07:21:40,2025-06-29 16:13:22
9465000017031027,TO-00138,transferred,9465000000009056,9465000000009109,2025-06-17 09:04:11,2025-06-29 16:13:25
9465000017031329,TO-00139,transferred,9465000000009056,9465000000009109,2025-06-17 09:32:12,2025-06-29 16:13:23
9465000018691194,TO-00164,transferred,9465000000009056,9465000015588996,2025-07-01 10:50:51,2025-07-01 16:47:27
9465000018675544,TO-00161,transferred,9465000000009109,9465000000009056,2025-06-30 17:11:54,2025-07-01 12:32:16
9465000018682298,TO-00162,transferred,9465000000009056,9465000015588996,2025-07-01 10:04:14,2025-07-01 10:50:03
9465000018779749,TO-00166,transferred,9465000000009056,9465000015588996,2025-07-01 17:11:59,2025-07-02 07:04:37
9465000018110729,TO-00153,transferred,9465000000009056,9465000000009109,2025-06-26 15:40:44,2025-07-02 13:11:15
9465000018829510,TO-00169,transferred,9465000000009056,9465000000009078,2025-07-02 07:13:44,2025-07-02 11:52:20
9465000017425428,TO-00147,transferred,9465000000009056,9465000000009109,2025-06-23 11:52:15,2025-07-02 12:49:06
9465000018114163,TO-00154,transferred,9465000000009056,9465000000009109,2025-06-26 16:14:01,2025-07-02 13:25:11
9465000017661590,TO-00149,transferred,9465000000009056,9465000000009109,2025-06-24 12:56:52,2025-07-02 12:55:56
9465000018842311,TO-00171,transferred,9465000000009056,9465000000009078,2025-07-02 07:31:27,2025-07-02 11:56:59
9465000018870199,TO-00175,transferred,9465000000009056,9465000000009078,2025-07-02 07:59:09,2025-07-02 12:11:09
9465000018842526,TO-00172,transferred,9465000000009056,9465000000009078,2025-07-02 07:36:23,2025-07-02 11:58:15
9465000018453547,TO-00158,transferred,9465000000009056,9465000000009109,2025-06-29 10:07:59,2025-07-02 14:08:28
9465000018741701,TO-00165,transferred,9465000000009056,9465000000009109,2025-07-01 15:42:02,2025-07-02 14:18:20
9465000018648199,TO-00160,transferred,9465000000009056,9465000000009109,2025-06-30 13:50:53,2025-07-03 09:34:06
9465000018463197,TO-00159,transferred,9465000000009056,9465000015588996,2025-06-29 15:04:12,2025-07-03 09:34:06
9465000019225866,TO-00179,transferred,9465000000009109,9465000000009056,2025-07-03 12:43:45,2025-07-03 12:44:05
9465000018829379,TO-00168,transferred,9465000000009056,9465000000009078,2025-07-02 07:09:37,2025-07-03 08:49:01
9465000019301076,TO-00181,transferred,9465000000009056,9465000015588996,2025-07-05 11:59:33,2025-07-05 12:00:24
9465000019264728,TO-00180,transferred,9465000000009056,9465000000009109,2025-07-05 11:35:21,2025-07-05 11:35:50
9465000018842872,TO-00174,transferred,9465000000009056,9465000000009078,2025-07-02 07:50:28,2025-07-05 11:09:50
9465000019301208,TO-00182,transferred,9465000015588996,9465000000009056,2025-07-05 12:01:57,2025-07-05 12:02:24
9465000016715173,TO-00125,transferred,9465000000009056,9465000000009109,2025-06-10 07:50:46,2025-07-06 17:10:09
9465000019347260,TO-00183,transferred,9465000000009056,9465000015588996,2025-07-06 11:42:52,2025-07-06 15:25:52
9465000018829290,TO-00167,transferred,9465000015588996,9465000000009056,2025-07-02 07:04:56,2025-07-06 15:25:53
9465000016943813,TO-00133,transferred,9465000000009056,9465000000009109,2025-06-16 06:27:56,2025-07-06 17:08:42
9465000017228307,TO-00145,transferred,9465000000009056,9465000000009109,2025-06-21 13:23:52,2025-07-07 11:59:02
9465000019434500,TO-00184,transferred,9465000000009056,9465000015588996,2025-07-07 09:13:58,2025-07-07 13:17:26
9465000019537057,TO-00187,transferred,9465000000009056,9465000015588996,2025-07-09 12:30:32,2025-07-09 12:45:18
9465000019527864,TO-00186,transferred,9465000000009109,9465000000009056,2025-07-09 11:38:55,2025-07-09 11:39:38
9465000019638801,TO-00189,transferred,9465000000009056,9465000015588996,2025-07-12 15:17:47,2025-07-12 15:18:17
9465000019638909,TO-00190,transferred,9465000000009056,9465000000009109,2025-07-12 15:22:07,2025-07-12 15:22:48
9465000019639092,TO-00191,transferred,9465000000009056,9465000000009109,2025-07-12 15:33:16,2025-07-12 15:33:50
9465000019661729,TO-00192,transferred,9465000000009056,9465000000009109,2025-07-13 12:47:31,2025-07-13 12:48:02
9465000019746333,TO-00194,transferred,9465000000009056,9465000015588996,2025-07-14 15:36:17,2025-07-14 15:36:51
9465000019774654,TO-00196,transferred,9465000000009056,9465000015588996,2025-07-15 11:33:09,2025-07-15 11:35:07
9465000019774258,TO-00195,transferred,9465000000009056,9465000000009109,2025-07-15 11:14:44,2025-07-15 11:20:19
9465000019225056,TO-00178,transferred,9465000000009056,9465000000009109,2025-07-03 10:18:20,2025-07-16 08:57:00
9465000018690001,TO-00163,transferred,9465000000009056,9465000015588996,2025-07-01 10:32:28,2025-07-16 08:56:58
9465000019859472,TO-00198,transferred,9465000000009056,9465000000009078,2025-07-16 12:52:00,2025-07-16 16:34:10
9465000018265813,TO-00157,transferred,9465000000009056,9465000000009109,2025-06-28 12:15:22,2025-07-16 07:08:46
9465000019791182,TO-00197,transferred,9465000000009056,9465000000009109,2025-07-15 12:32:30,2025-07-16 08:56:59
9465000019455787,TO-00185,transferred,9465000000009056,9465000000009109,2025-07-07 15:33:59,2025-07-16 08:56:58
9465000019947472,TO-00200,transferred,9465000000009056,9465000000009109,2025-07-17 11:48:11,2025-07-17 11:48:29
9465000020129064,TO-00201,transferred,9465000000009056,9465000015588996,2025-07-19 07:01:34,2025-07-19 07:02:11
9465000020129332,TO-00202,transferred,9465000000009056,9465000015588996,2025-07-19 07:22:54,2025-07-19 07:23:14
9465000017926003,TO-00150,transferred,9465000000009056,9465000000009109,2025-06-25 11:55:25,2025-07-20 08:23:01
9465000018842713,TO-00173,transferred,9465000000009056,9465000000009078,2025-07-02 07:43:18,2025-07-20 08:23:01
9465000020225795,TO-00207,transferred,9465000000009056,9465000015588996,2025-07-20 12:44:08,2025-07-20 12:44:46
9465000019100811,TO-00177,transferred,9465000000009056,9465000000009109,2025-07-02 10:41:20,2025-07-20 08:23:01
9465000018829725,TO-00170,transferred,9465000000009056,9465000000009078,2025-07-02 07:18:32,2025-07-20 08:23:01
9465000020225457,TO-00206,transferred,9465000000009056,9465000000009109,2025-07-20 12:41:33,2025-07-20 12:42:59
9465000018152033,TO-00155,transferred,9465000000009056,9465000000009109,2025-06-26 17:21:01,2025-07-20 08:23:02
9465000019922658,TO-00199,transferred,9465000000009056,9465000000009109,2025-07-17 08:33:56,2025-07-20 08:23:01
9465000020288274,TO-00209,transferred,9465000000009056,9465000000009109,2025-07-21 14:55:46,2025-07-21 14:56:13
9465000020222967,TO-00208,transferred,9465000000009078,9465000000009056,2025-07-20 13:26:05,2025-07-21 12:43:34
9465000020160716,TO-00205,transferred,9465000000009056,9465000000009078,2025-07-19 16:44:43,2025-07-22 07:26:14
9465000020338082,TO-00210,transferred,9465000000009056,9465000015588996,2025-07-22 07:21:09,2025-07-22 07:21:15
9465000020345754,TO-00211,transferred,9465000000009056,9465000000009109,2025-07-22 10:41:49,2025-07-22 10:42:18
9465000019537813,TO-00188,transferred,9465000000009056,9465000000009109,2025-07-09 13:28:37,2025-07-23 12:36:47
9465000020424474,TO-00213,transferred,9465000015588996,9465000000009056,2025-07-23 08:08:47,2025-07-23 08:08:56
9465000020135530,TO-00203,transferred,9465000000009056,9465000000009109,2025-07-19 12:40:08,2025-07-23 12:36:45
9465000020461647,TO-00214,transferred,9465000000009056,9465000000009109,2025-07-23 13:45:02,2025-07-24 07:31:25
9465000020160445,TO-00204,transferred,9465000000009056,9465000015588996,2025-07-19 12:47:02,2025-07-23 08:24:29
9465000020537377,TO-00215,transferred,9465000000009056,9465000000009109,2025-07-24 07:13:41,2025-07-24 07:22:54
9465000020424369,TO-00212,transferred,9465000000009056,9465000015588996,2025-07-23 08:07:16,2025-07-23 08:35:00
9465000020537523,TO-00216,transferred,9465000015588996,9465000000009056,2025-07-24 07:21:37,2025-07-24 07:28:25
